Order_ID,Customer_ID,Customer_Name,Order_Date,Quantity,Order_Amount
ORD1001,CUST001,Aman Kumar,2026-09-01,2,1200
ORD1002,CUST002,Riya Sharma,2026-09-01,1,750
ORD1003,CUST001,Aman Kumar,2026-09-02,3,1800
ORD1004,CUST003,Rahul Singh,2026-09-02,1,950
ORD1005,CUST004,Neha Verma,2026-09-03,2,1400
ORD1006,CUST002,Riya Sharma,2026-09-03,2,1100
ORD1007,CUST005,Vikas Yadav,2026-09-04,4,2600
ORD1008,CUST001,Aman Kumar,2026-09-05,1,600
ORD1009,CUST003,Rahul Singh,2026-09-05,2,1700
ORD1010,CUST006,Priya Gupta,2026-09-06,1,500
ORD1011,CUST004,Neha Verma,2026-09-06,3,2100
ORD1012,CUST005,Vikas Yadav,2026-09-07,2,1300
ORD1013,CUST002,Riya Sharma,2026-09-08,1,800
ORD1014,CUST007,Rohit Mehta,2026-09-08,2,1600
ORD1015,CUST001,Aman Kumar,2026-09-09,2,1500
ORD1016,CUST005,Vikas Yadav,2026-09-10,1,900
ORD1017,CUST003,Rahul Singh,2026-09-10,3,2200
ORD1018,CUST004,Neha Verma,2026-09-11,1,700
ORD1019,CUST008,Anjali Singh,2026-09-11,2,1250
ORD1020,CUST002,Riya Sharma,2026-09-12,3,1950
ORD1021,CUST005,Vikas Yadav,2026-09-13,2,1450
ORD1022,CUST001,Aman Kumar,2026-09-13,1,650
ORD1023,CUST007,Rohit Mehta,2026-09-14,1,550
ORD1024,CUST003,Rahul Singh,2026-09-14,2,1350
ORD1025,CUST004,Neha Verma,2026-09-15,2,1550
